falha,accuracy,precision,recall,f1
falha_1,0.9306784660766961,0.5,0.0,0.0
falha_2,0.9498525073746312,0.8823529411764706,0.3191489361702128,0.46875
falha_3,0.9572271386430679,0.954248366013072,0.0,0.0
falha_4,0.9896755162241888,0.9375,0.0,0.0
falha_5,0.9793510324483776,0.0,0.0,0.0
falha_6,0.7905604719764012,0.6545454545454545,0.0,0.0
falha_outros,0.7404129793510325,0.6291390728476821,0.004651162790697674,0.008620689655172414
